import csv

# Datos de ejemplo para varios Pokémon
pokemon_data = [
    ["Pikachu", "Eléctrico", 35, 55, 40, 90, "Rayo", "Bola Voltio", "Cola de Hierro", "Ataque Rápido"],
    ["Charmander", "Fuego", 39, 52, 43, 65, "Ascuas", "Lanzallamas", "Arañazo", "Enfado"],
    # ... agregar más Pokémon aquí
]

# Escribir los datos en el archivo CSV
with open('pokemon.csv', 'w', newline='') as csvfile:
    fieldnames = ['nombre', 'tipo', 'hp', 'ataque', 'defensa', 'velocidad', 'movimiento1', 'movimiento2', 'movimiento3', 'movimiento4']
    writer = csv.writer(csvfile)
    writer.writerow(fieldnames)
    writer.writerows(pokemon_data)